Student_ID,Course_ID,Date,Time_Spent_Minutes,Completion_Percentage,Name,Age,Gender,Location,Enrolment_Date,Rating,Feedback_Text
S001,PY202,2024-01-05,90,46.1,Student_1,24,Female,Kolkata,2023-11-24,,
S001,DM101,2024-01-28,155,88.87,Student_1,24,Female,Kolkata,2023-11-24,,
S001,UX303,2024-01-28,177,54.93,Student_1,24,Female,Kolkata,2023-11-24,,
S002,PY202,2024-02-03,45,32.2,Student_2,32,Other,Chennai,2023-02-27,3.0,Well structured
S002,UX303,2024-03-15,119,90.8,Student_2,32,Other,Chennai,2023-02-27,,
S002,WD404,2024-02-16,66,99.76,Student_2,32,Other,Chennai,2023-02-27,,
S002,PY202,2024-03-06,136,18.18,Student_2,32,Other,Chennai,2023-02-27,3.0,Well structured
S002,DM101,2024-01-15,49,66.47,Student_2,32,Other,Chennai,2023-02-27,,
S002,WD404,2024-03-17,26,44.63,Student_2,32,Other,Chennai,2023-02-27,,
S002,WD404,2024-03-08,74,97.4,Student_2,32,Other,Chennai,2023-02-27,,
S002,DM101,2024-03-28,39,71.35,Student_2,32,Other,Chennai,2023-02-27,,
S002,UX303,2024-03-23,97,20.04,Student_2,32,Other,Chennai,2023-02-27,,
S002,WD404,2024-01-21,126,10.29,Student_2,32,Other,Chennai,2023-02-27,,
S003,PY202,2024-03-05,37,88.35,Student_3,28,Other,Mumbai,2023-01-13,,
S003,UX303,2024-03-22,139,64.81,Student_3,28,Other,Mumbai,2023-01-13,,
S003,PY202,2024-02-17,51,58.54,Student_3,28,Other,Mumbai,2023-01-13,,
S003,DM101,2024-03-17,92,53.97,Student_3,28,Other,Mumbai,2023-01-13,,
S003,DM101,2024-02-16,88,31.55,Student_3,28,Other,Mumbai,2023-01-13,,
S003,PY202,2024-03-13,30,17.71,Student_3,28,Other,Mumbai,2023-01-13,,
S003,WD404,2024-01-09,146,78.93,Student_3,28,Other,Mumbai,2023-01-13,,
S004,WD404,2024-03-11,52,33.86,Student_4,25,Female,Bangalore,2023-05-21,,
S004,WD404,2024-01-28,148,77.97,Student_4,25,Female,Bangalore,2023-05-21,,
S004,PY202,2024-02-09,112,99.56,Student_4,25,Female,Bangalore,2023-05-21,,
S004,UX303,2024-02-26,142,50.63,Student_4,25,Female,Bangalore,2023-05-21,,
S004,PY202,2024-01-29,26,40.43,Student_4,25,Female,Bangalore,2023-05-21,,
S005,PY202,2024-01-01,28,73.71,Student_5,24,Other,Delhi,2023-05-06,,
S005,DM101,2024-01-30,27,91.49,Student_5,24,Other,Delhi,2023-05-06,4.0,Loved the examples
S005,UX303,2024-01-10,141,31.42,Student_5,24,Other,Delhi,2023-05-06,,
S005,WD404,2024-01-28,148,21.91,Student_5,24,Other,Delhi,2023-05-06,,
S005,WD404,2024-02-01,131,82.67,Student_5,24,Other,Delhi,2023-05-06,,
S005,PY202,2024-01-13,34,69.31,Student_5,24,Other,Delhi,2023-05-06,,
S006,WD404,2024-02-22,129,87.75,Student_6,28,Other,Delhi,2023-04-25,,
S006,DM101,2024-03-27,177,98.57,Student_6,28,Other,Delhi,2023-04-25,1.0,Loved the examples
S006,DM101,2024-01-08,113,75.54,Student_6,28,Other,Delhi,2023-04-25,1.0,Loved the examples
S006,DM101,2024-02-01,59,27.12,Student_6,28,Other,Delhi,2023-04-25,1.0,Loved the examples
S006,WD404,2024-01-18,118,26.51,Student_6,28,Other,Delhi,2023-04-25,,
S006,WD404,2024-02-01,29,49.88,Student_6,28,Other,Delhi,2023-04-25,,
S006,DM101,2024-01-07,176,99.94,Student_6,28,Other,Delhi,2023-04-25,1.0,Loved the examples
S006,DM101,2024-01-12,70,24.97,Student_6,28,Other,Delhi,2023-04-25,1.0,Loved the examples
S007,WD404,2024-01-28,112,91.22,Student_7,28,Male,Chennai,2023-03-13,,
S007,PY202,2024-02-18,10,98.68,Student_7,28,Male,Chennai,2023-03-13,,
S007,UX303,2024-02-28,83,48.07,Student_7,28,Male,Chennai,2023-03-13,,
S007,WD404,2024-01-20,58,36.7,Student_7,28,Male,Chennai,2023-03-13,,
S007,DM101,2024-03-15,148,15.49,Student_7,28,Male,Chennai,2023-03-13,,
S007,UX303,2024-01-08,22,62.58,Student_7,28,Male,Chennai,2023-03-13,,
S007,PY202,2024-01-08,140,17.21,Student_7,28,Male,Chennai,2023-03-13,,
S007,PY202,2024-01-09,162,16.12,Student_7,28,Male,Chennai,2023-03-13,,
S007,PY202,2024-02-21,40,94.74,Student_7,28,Male,Chennai,2023-03-13,,
S007,PY202,2024-03-15,162,13.58,Student_7,28,Male,Chennai,2023-03-13,,
S008,WD404,2024-03-25,159,60.87,Student_8,21,Other,Bangalore,2023-02-22,,
S008,UX303,2024-02-03,62,70.28,Student_8,21,Other,Bangalore,2023-02-22,,
S008,UX303,2024-01-31,77,45.62,Student_8,21,Other,Bangalore,2023-02-22,,
S008,UX303,2024-02-28,90,93.61,Student_8,21,Other,Bangalore,2023-02-22,,
S009,DM101,2024-02-28,169,99.86,Student_9,25,Other,Kolkata,2023-12-13,,
S009,DM101,2024-01-10,147,29.18,Student_9,25,Other,Kolkata,2023-12-13,,
S009,UX303,2024-01-17,99,89.28,Student_9,25,Other,Kolkata,2023-12-13,4.0,Well structured
S009,PY202,2024-02-17,82,24.2,Student_9,25,Other,Kolkata,2023-12-13,,
S010,DM101,2024-03-26,151,36.94,Student_10,20,Female,Bangalore,2023-10-07,,
S010,DM101,2024-01-18,77,20.39,Student_10,20,Female,Bangalore,2023-10-07,,
S010,DM101,2024-03-11,49,34.51,Student_10,20,Female,Bangalore,2023-10-07,,
S010,PY202,2024-02-13,62,71.87,Student_10,20,Female,Bangalore,2023-10-07,,
S010,UX303,2024-03-05,135,32.6,Student_10,20,Female,Bangalore,2023-10-07,,
S010,DM101,2024-01-12,172,48.12,Student_10,20,Female,Bangalore,2023-10-07,,
S010,UX303,2024-01-06,10,40.02,Student_10,20,Female,Bangalore,2023-10-07,,
S011,UX303,2024-01-21,123,59.65,Student_11,19,Female,Chennai,2023-02-14,,
S011,WD404,2024-03-12,12,20.07,Student_11,19,Female,Chennai,2023-02-14,,
S011,PY202,2024-03-10,19,85.11,Student_11,19,Female,Chennai,2023-02-14,5.0,Needs improvement
S011,PY202,2024-02-25,42,13.76,Student_11,19,Female,Chennai,2023-02-14,5.0,Needs improvement
S011,UX303,2024-01-06,101,28.91,Student_11,19,Female,Chennai,2023-02-14,,
S012,DM101,2024-02-15,153,89.57,Student_12,29,Male,Chennai,2023-10-30,,
S012,WD404,2024-03-20,49,93.32,Student_12,29,Male,Chennai,2023-10-30,,
S012,PY202,2024-01-21,55,89.33,Student_12,29,Male,Chennai,2023-10-30,,
S012,DM101,2024-01-23,95,80.41,Student_12,29,Male,Chennai,2023-10-30,,
S012,WD404,2024-03-26,73,34.01,Student_12,29,Male,Chennai,2023-10-30,,
S012,DM101,2024-02-18,19,87.27,Student_12,29,Male,Chennai,2023-10-30,,
S013,PY202,2024-02-28,99,37.47,Student_13,23,Other,Bangalore,2023-08-05,,
S013,PY202,2024-01-29,16,69.4,Student_13,23,Other,Bangalore,2023-08-05,,
S013,WD404,2024-02-12,81,87.79,Student_13,23,Other,Bangalore,2023-08-05,,
S013,UX303,2024-02-14,174,55.85,Student_13,23,Other,Bangalore,2023-08-05,,
S013,UX303,2024-01-04,39,88.93,Student_13,23,Other,Bangalore,2023-08-05,,
S013,UX303,2024-01-23,158,96.63,Student_13,23,Other,Bangalore,2023-08-05,,
S014,DM101,2024-01-14,162,49.11,Student_14,19,Other,Chennai,2023-01-17,,
S014,UX303,2024-02-25,165,98.58,Student_14,19,Other,Chennai,2023-01-17,2.0,Excellent instructor
S014,DM101,2024-02-19,157,27.11,Student_14,19,Other,Chennai,2023-01-17,,
S014,DM101,2024-03-31,121,10.15,Student_14,19,Other,Chennai,2023-01-17,,
S014,PY202,2024-02-16,120,16.3,Student_14,19,Other,Chennai,2023-01-17,,
S014,UX303,2024-03-20,90,69.7,Student_14,19,Other,Chennai,2023-01-17,2.0,Excellent instructor
S014,DM101,2024-02-08,139,37.84,Student_14,19,Other,Chennai,2023-01-17,,
S015,UX303,2024-02-21,85,59.9,Student_15,18,Other,Bangalore,2023-01-16,,
S015,PY202,2024-02-23,180,94.63,Student_15,18,Other,Bangalore,2023-01-16,,
S015,PY202,2024-03-19,155,37.09,Student_15,18,Other,Bangalore,2023-01-16,,
S015,DM101,2024-02-08,83,28.92,Student_15,18,Other,Bangalore,2023-01-16,3.0,Needs improvement
S015,UX303,2024-02-29,123,49.79,Student_15,18,Other,Bangalore,2023-01-16,,
S015,PY202,2024-03-06,131,81.44,Student_15,18,Other,Bangalore,2023-01-16,,
S015,PY202,2024-03-25,31,35.54,Student_15,18,Other,Bangalore,2023-01-16,,
S015,UX303,2024-01-12,70,70.55,Student_15,18,Other,Bangalore,2023-01-16,,
S015,PY202,2024-01-26,47,12.2,Student_15,18,Other,Bangalore,2023-01-16,,
S016,WD404,2024-03-19,28,50.99,Student_16,29,Male,Mumbai,2023-02-17,,
S016,PY202,2024-03-30,108,54.49,Student_16,29,Male,Mumbai,2023-02-17,,
S016,PY202,2024-01-19,177,71.89,Student_16,29,Male,Mumbai,2023-02-17,,
S016,DM101,2024-02-24,66,25.83,Student_16,29,Male,Mumbai,2023-02-17,3.0,Loved the examples
S016,WD404,2024-01-07,152,32.43,Student_16,29,Male,Mumbai,2023-02-17,,
S016,DM101,2024-02-28,44,82.13,Student_16,29,Male,Mumbai,2023-02-17,3.0,Loved the examples
S017,WD404,2024-03-19,139,48.41,Student_17,29,Male,Bangalore,2023-04-22,,
S017,WD404,2024-01-21,131,50.51,Student_17,29,Male,Bangalore,2023-04-22,,
S017,PY202,2024-03-22,80,78.92,Student_17,29,Male,Bangalore,2023-04-22,5.0,Great course!
S017,WD404,2024-03-21,71,34.71,Student_17,29,Male,Bangalore,2023-04-22,,
S017,DM101,2024-02-06,70,34.45,Student_17,29,Male,Bangalore,2023-04-22,,
S017,UX303,2024-03-10,30,22.45,Student_17,29,Male,Bangalore,2023-04-22,,
S017,PY202,2024-02-19,49,73.58,Student_17,29,Male,Bangalore,2023-04-22,5.0,Great course!
S017,DM101,2024-02-23,114,39.78,Student_17,29,Male,Bangalore,2023-04-22,,
S018,WD404,2024-01-08,62,84.96,Student_18,34,Female,Bangalore,2023-04-30,,
S018,WD404,2024-03-15,15,87.11,Student_18,34,Female,Bangalore,2023-04-30,,
S018,WD404,2024-03-02,11,94.85,Student_18,34,Female,Bangalore,2023-04-30,,
S018,UX303,2024-02-19,117,58.44,Student_18,34,Female,Bangalore,2023-04-30,,
S018,PY202,2024-03-03,66,34.56,Student_18,34,Female,Bangalore,2023-04-30,3.0,Too fast-paced
S018,WD404,2024-01-04,109,40.25,Student_18,34,Female,Bangalore,2023-04-30,,
S018,WD404,2024-01-22,129,92.76,Student_18,34,Female,Bangalore,2023-04-30,,
S018,DM101,2024-02-20,161,60.8,Student_18,34,Female,Bangalore,2023-04-30,,
S018,DM101,2024-01-11,174,48.58,Student_18,34,Female,Bangalore,2023-04-30,,
S018,WD404,2024-01-24,22,33.41,Student_18,34,Female,Bangalore,2023-04-30,,
S019,PY202,2024-02-28,93,40.38,Student_19,27,Male,Chennai,2023-09-16,,
S019,WD404,2024-02-05,117,32.7,Student_19,27,Male,Chennai,2023-09-16,,
S019,DM101,2024-03-01,14,77.41,Student_19,27,Male,Chennai,2023-09-16,,
S019,DM101,2024-02-14,67,68.51,Student_19,27,Male,Chennai,2023-09-16,,
S019,DM101,2024-01-04,73,27.94,Student_19,27,Male,Chennai,2023-09-16,,
S019,DM101,2024-03-20,49,31.47,Student_19,27,Male,Chennai,2023-09-16,,
S019,WD404,2024-03-26,39,60.76,Student_19,27,Male,Chennai,2023-09-16,,
S019,PY202,2024-02-29,75,79.02,Student_19,27,Male,Chennai,2023-09-16,,
S020,DM101,2024-01-21,89,19.73,Student_20,33,Other,Chennai,2023-11-05,,
S020,DM101,2024-02-09,157,70.96,Student_20,33,Other,Chennai,2023-11-05,,
S020,WD404,2024-02-20,60,16.84,Student_20,33,Other,Chennai,2023-11-05,,
S020,PY202,2024-01-14,87,86.53,Student_20,33,Other,Chennai,2023-11-05,,
S020,DM101,2024-03-13,20,41.25,Student_20,33,Other,Chennai,2023-11-05,,
S021,UX303,2024-01-09,139,68.28,Student_21,32,Other,Delhi,2023-01-14,4.0,Needs improvement
S021,DM101,2024-02-23,135,19.5,Student_21,32,Other,Delhi,2023-01-14,,
S021,UX303,2024-03-22,127,73.66,Student_21,32,Other,Delhi,2023-01-14,4.0,Needs improvement
S021,WD404,2024-01-23,143,96.89,Student_21,32,Other,Delhi,2023-01-14,,
S021,UX303,2024-03-19,147,79.72,Student_21,32,Other,Delhi,2023-01-14,4.0,Needs improvement
S021,WD404,2024-02-25,161,34.16,Student_21,32,Other,Delhi,2023-01-14,,
S021,PY202,2024-01-12,81,89.35,Student_21,32,Other,Delhi,2023-01-14,,
S021,PY202,2024-02-29,155,64.93,Student_21,32,Other,Delhi,2023-01-14,,
S021,WD404,2024-02-13,17,54.49,Student_21,32,Other,Delhi,2023-01-14,,
S022,PY202,2024-03-03,64,41.93,Student_22,32,Male,Delhi,2023-10-15,4.0,Could be better
S022,UX303,2024-02-13,81,89.23,Student_22,32,Male,Delhi,2023-10-15,,
S022,UX303,2024-03-12,12,56.5,Student_22,32,Male,Delhi,2023-10-15,,
S022,PY202,2024-01-11,71,74.81,Student_22,32,Male,Delhi,2023-10-15,4.0,Could be better
S022,WD404,2024-03-12,71,72.15,Student_22,32,Male,Delhi,2023-10-15,,
S022,WD404,2024-02-27,14,18.37,Student_22,32,Male,Delhi,2023-10-15,,
S022,PY202,2024-02-21,72,37.56,Student_22,32,Male,Delhi,2023-10-15,4.0,Could be better
S022,UX303,2024-03-01,151,57.78,Student_22,32,Male,Delhi,2023-10-15,,
S023,UX303,2024-02-15,126,34.38,Student_23,29,Other,Mumbai,2023-04-12,,
S023,UX303,2024-01-30,40,74.92,Student_23,29,Other,Mumbai,2023-04-12,,
S023,UX303,2024-01-16,147,95.58,Student_23,29,Other,Mumbai,2023-04-12,,
S023,PY202,2024-01-25,65,76.47,Student_23,29,Other,Mumbai,2023-04-12,1.0,Excellent instructor
S023,UX303,2024-03-16,144,63.71,Student_23,29,Other,Mumbai,2023-04-12,,
S023,DM101,2024-01-25,85,30.47,Student_23,29,Other,Mumbai,2023-04-12,,
S023,PY202,2024-02-08,13,73.72,Student_23,29,Other,Mumbai,2023-04-12,1.0,Excellent instructor
S023,PY202,2024-02-05,21,97.69,Student_23,29,Other,Mumbai,2023-04-12,1.0,Excellent instructor
S023,UX303,2024-03-30,42,67.41,Student_23,29,Other,Mumbai,2023-04-12,,
S024,DM101,2024-01-02,156,35.59,Student_24,20,Other,Delhi,2023-11-29,,
S024,WD404,2024-02-26,97,26.59,Student_24,20,Other,Delhi,2023-11-29,,
S024,DM101,2024-02-02,132,20.27,Student_24,20,Other,Delhi,2023-11-29,,
S024,DM101,2024-02-21,135,16.67,Student_24,20,Other,Delhi,2023-11-29,,
S024,DM101,2024-01-20,48,83.0,Student_24,20,Other,Delhi,2023-11-29,,
S024,UX303,2024-01-11,73,20.66,Student_24,20,Other,Delhi,2023-11-29,,
S024,WD404,2024-03-18,162,81.17,Student_24,20,Other,Delhi,2023-11-29,,
S024,PY202,2024-03-07,107,50.55,Student_24,20,Other,Delhi,2023-11-29,,
S024,WD404,2024-02-08,160,99.1,Student_24,20,Other,Delhi,2023-11-29,,
S024,UX303,2024-03-13,168,15.42,Student_24,20,Other,Delhi,2023-11-29,,
S025,PY202,2024-03-21,64,33.82,Student_25,22,Male,Bangalore,2023-12-26,,
S025,DM101,2024-01-21,71,25.64,Student_25,22,Male,Bangalore,2023-12-26,,
S025,DM101,2024-01-21,10,46.77,Student_25,22,Male,Bangalore,2023-12-26,,
S025,WD404,2024-02-07,18,30.83,Student_25,22,Male,Bangalore,2023-12-26,,
S026,WD404,2024-01-10,69,93.15,Student_26,24,Male,Chennai,2023-10-07,,
S026,PY202,2024-02-24,39,59.01,Student_26,24,Male,Chennai,2023-10-07,,
S026,PY202,2024-02-04,46,16.43,Student_26,24,Male,Chennai,2023-10-07,,
S026,PY202,2024-02-09,162,77.41,Student_26,24,Male,Chennai,2023-10-07,,
S026,UX303,2024-02-26,41,52.18,Student_26,24,Male,Chennai,2023-10-07,,
S026,UX303,2024-03-30,113,94.84,Student_26,24,Male,Chennai,2023-10-07,,
S026,WD404,2024-02-26,30,63.82,Student_26,24,Male,Chennai,2023-10-07,,
S027,UX303,2024-03-18,74,12.33,Student_27,26,Other,Delhi,2023-08-03,,
S027,PY202,2024-03-27,157,62.84,Student_27,26,Other,Delhi,2023-08-03,,
S027,DM101,2024-03-27,78,61.86,Student_27,26,Other,Delhi,2023-08-03,,
S027,PY202,2024-03-01,142,68.64,Student_27,26,Other,Delhi,2023-08-03,,
S027,UX303,2024-01-24,159,49.23,Student_27,26,Other,Delhi,2023-08-03,,
S027,WD404,2024-01-12,130,41.32,Student_27,26,Other,Delhi,2023-08-03,,
S027,UX303,2024-02-11,36,87.2,Student_27,26,Other,Delhi,2023-08-03,,
S027,UX303,2024-02-22,136,35.94,Student_27,26,Other,Delhi,2023-08-03,,
S027,WD404,2024-03-11,19,50.93,Student_27,26,Other,Delhi,2023-08-03,,
S028,UX303,2024-02-11,39,97.32,Student_28,24,Other,Delhi,2023-04-23,,
S028,WD404,2024-03-06,10,69.19,Student_28,24,Other,Delhi,2023-04-23,1.0,Very helpful
S028,WD404,2024-02-22,23,26.88,Student_28,24,Other,Delhi,2023-04-23,1.0,Very helpful
S028,UX303,2024-03-20,137,66.29,Student_28,24,Other,Delhi,2023-04-23,,
S028,DM101,2024-01-27,78,59.43,Student_28,24,Other,Delhi,2023-04-23,,
S028,UX303,2024-02-26,134,20.93,Student_28,24,Other,Delhi,2023-04-23,,
S028,PY202,2024-03-31,50,37.97,Student_28,24,Other,Delhi,2023-04-23,,
S028,DM101,2024-03-11,114,18.39,Student_28,24,Other,Delhi,2023-04-23,,
S029,WD404,2024-01-16,175,84.89,Student_29,21,Other,Mumbai,2023-08-18,,
S029,WD404,2024-02-07,140,73.49,Student_29,21,Other,Mumbai,2023-08-18,,
S029,WD404,2024-03-02,130,31.94,Student_29,21,Other,Mumbai,2023-08-18,,
S029,PY202,2024-02-19,58,92.97,Student_29,21,Other,Mumbai,2023-08-18,,
S030,DM101,2024-02-05,116,40.59,Student_30,31,Female,Mumbai,2023-10-29,4.0,Too fast-paced
S030,UX303,2024-01-01,82,75.34,Student_30,31,Female,Mumbai,2023-10-29,,
S030,WD404,2024-01-20,124,58.47,Student_30,31,Female,Mumbai,2023-10-29,,
S030,UX303,2024-02-12,151,78.66,Student_30,31,Female,Mumbai,2023-10-29,,
S030,WD404,2024-02-28,92,88.26,Student_30,31,Female,Mumbai,2023-10-29,,
S031,WD404,2024-01-30,115,13.93,Student_31,26,Female,Bangalore,2023-05-23,,
S031,WD404,2024-03-31,107,44.75,Student_31,26,Female,Bangalore,2023-05-23,,
S031,PY202,2024-03-04,19,21.36,Student_31,26,Female,Bangalore,2023-05-23,,
S031,UX303,2024-01-13,122,18.97,Student_31,26,Female,Bangalore,2023-05-23,,
S031,WD404,2024-01-02,46,46.9,Student_31,26,Female,Bangalore,2023-05-23,,
S031,PY202,2024-01-10,130,80.34,Student_31,26,Female,Bangalore,2023-05-23,,
S032,UX303,2024-03-20,111,68.49,Student_32,19,Female,Chennai,2023-01-04,,
S032,UX303,2024-03-27,146,44.2,Student_32,19,Female,Chennai,2023-01-04,,
S032,UX303,2024-03-21,134,88.51,Student_32,19,Female,Chennai,2023-01-04,,
S032,DM101,2024-03-20,27,31.13,Student_32,19,Female,Chennai,2023-01-04,,
S032,UX303,2024-01-30,33,49.06,Student_32,19,Female,Chennai,2023-01-04,,
S032,DM101,2024-03-22,35,49.93,Student_32,19,Female,Chennai,2023-01-04,,
S032,UX303,2024-01-04,21,39.19,Student_32,19,Female,Chennai,2023-01-04,,
S033,UX303,2024-02-15,105,48.76,Student_33,32,Male,Mumbai,2023-03-23,,
S033,PY202,2024-03-08,115,60.93,Student_33,32,Male,Mumbai,2023-03-23,,
S033,PY202,2024-01-22,54,17.11,Student_33,32,Male,Mumbai,2023-03-23,,
S034,PY202,2024-03-04,159,22.88,Student_34,24,Female,Delhi,2023-12-24,1.0,Very helpful
S034,WD404,2024-03-22,75,51.36,Student_34,24,Female,Delhi,2023-12-24,,
S034,DM101,2024-02-29,83,70.98,Student_34,24,Female,Delhi,2023-12-24,,
S034,PY202,2024-01-10,123,95.07,Student_34,24,Female,Delhi,2023-12-24,1.0,Very helpful
S034,UX303,2024-03-22,118,72.13,Student_34,24,Female,Delhi,2023-12-24,,
S034,WD404,2024-02-08,60,99.94,Student_34,24,Female,Delhi,2023-12-24,,
S034,WD404,2024-01-14,70,44.32,Student_34,24,Female,Delhi,2023-12-24,,
S034,UX303,2024-03-14,85,99.34,Student_34,24,Female,Delhi,2023-12-24,,
S034,UX303,2024-01-03,178,45.62,Student_34,24,Female,Delhi,2023-12-24,,
S035,DM101,2024-03-18,137,84.96,Student_35,29,Male,Chennai,2023-08-05,,
S035,UX303,2024-01-30,165,82.17,Student_35,29,Male,Chennai,2023-08-05,,
S035,PY202,2024-03-22,58,65.88,Student_35,29,Male,Chennai,2023-08-05,4.0,Very helpful
S036,DM101,2024-03-21,175,13.55,Student_36,25,Male,Chennai,2023-06-24,5.0,Excellent instructor
S036,WD404,2024-01-05,158,42.84,Student_36,25,Male,Chennai,2023-06-24,,
S036,PY202,2024-01-12,85,39.4,Student_36,25,Male,Chennai,2023-06-24,,
S036,WD404,2024-01-23,61,21.89,Student_36,25,Male,Chennai,2023-06-24,,
S036,UX303,2024-03-08,138,92.21,Student_36,25,Male,Chennai,2023-06-24,,
S037,UX303,2024-03-02,85,77.19,Student_37,32,Female,Delhi,2023-05-23,3.0,Too fast-paced
S037,UX303,2024-01-15,129,96.66,Student_37,32,Female,Delhi,2023-05-23,3.0,Too fast-paced
S037,PY202,2024-01-29,111,97.05,Student_37,32,Female,Delhi,2023-05-23,,
S037,UX303,2024-01-12,111,11.25,Student_37,32,Female,Delhi,2023-05-23,3.0,Too fast-paced
S037,DM101,2024-02-28,104,70.55,Student_37,32,Female,Delhi,2023-05-23,,
S038,WD404,2024-03-22,105,19.75,Student_38,20,Female,Mumbai,2023-03-21,3.0,Great course!
S038,PY202,2024-03-01,16,65.76,Student_38,20,Female,Mumbai,2023-03-21,,
S038,UX303,2024-03-19,66,68.29,Student_38,20,Female,Mumbai,2023-03-21,,
S038,WD404,2024-03-30,87,68.43,Student_38,20,Female,Mumbai,2023-03-21,3.0,Great course!
S038,DM101,2024-01-18,21,95.16,Student_38,20,Female,Mumbai,2023-03-21,,
S038,UX303,2024-03-04,39,18.75,Student_38,20,Female,Mumbai,2023-03-21,,
S038,PY202,2024-02-19,126,43.39,Student_38,20,Female,Mumbai,2023-03-21,,
S039,PY202,2024-02-23,177,18.91,Student_39,31,Female,Delhi,2023-04-21,,
S039,WD404,2024-03-19,114,94.51,Student_39,31,Female,Delhi,2023-04-21,,
S039,UX303,2024-01-05,104,29.55,Student_39,31,Female,Delhi,2023-04-21,,
S039,WD404,2024-01-31,102,18.94,Student_39,31,Female,Delhi,2023-04-21,,
S039,UX303,2024-03-10,175,42.28,Student_39,31,Female,Delhi,2023-04-21,,
S039,WD404,2024-02-05,58,97.14,Student_39,31,Female,Delhi,2023-04-21,,
S039,WD404,2024-01-12,179,29.09,Student_39,31,Female,Delhi,2023-04-21,,
S039,DM101,2024-01-07,95,31.92,Student_39,31,Female,Delhi,2023-04-21,5.0,Too fast-paced
S039,PY202,2024-03-13,62,16.17,Student_39,31,Female,Delhi,2023-04-21,,
S040,PY202,2024-01-30,94,79.69,Student_40,34,Other,Chennai,2023-06-22,,
S040,DM101,2024-02-05,47,98.88,Student_40,34,Other,Chennai,2023-06-22,5.0,Too fast-paced
S040,UX303,2024-01-23,38,69.5,Student_40,34,Other,Chennai,2023-06-22,,
S040,DM101,2024-01-17,13,42.24,Student_40,34,Other,Chennai,2023-06-22,5.0,Too fast-paced
S040,PY202,2024-03-16,92,11.42,Student_40,34,Other,Chennai,2023-06-22,,
S040,UX303,2024-01-07,42,76.75,Student_40,34,Other,Chennai,2023-06-22,,
S041,DM101,2024-03-01,124,80.02,Student_41,21,Female,Kolkata,2023-02-22,,
S041,DM101,2024-02-27,138,29.94,Student_41,21,Female,Kolkata,2023-02-22,,
S041,DM101,2024-03-25,143,37.15,Student_41,21,Female,Kolkata,2023-02-22,,
S041,DM101,2024-01-08,132,86.26,Student_41,21,Female,Kolkata,2023-02-22,,
S042,DM101,2024-03-03,123,16.61,Student_42,25,Other,Kolkata,2023-02-17,,
S042,DM101,2024-02-11,165,23.35,Student_42,25,Other,Kolkata,2023-02-17,,
S042,PY202,2024-02-05,169,66.98,Student_42,25,Other,Kolkata,2023-02-17,,
S042,UX303,2024-02-18,162,57.75,Student_42,25,Other,Kolkata,2023-02-17,,
S042,WD404,2024-03-05,164,48.72,Student_42,25,Other,Kolkata,2023-02-17,1.0,Could be better
S042,DM101,2024-03-24,176,88.99,Student_42,25,Other,Kolkata,2023-02-17,,
S042,PY202,2024-02-25,125,89.93,Student_42,25,Other,Kolkata,2023-02-17,,
S042,WD404,2024-02-13,126,45.89,Student_42,25,Other,Kolkata,2023-02-17,1.0,Could be better
S042,DM101,2024-02-10,119,38.13,Student_42,25,Other,Kolkata,2023-02-17,,
S043,UX303,2024-01-20,131,16.04,Student_43,21,Male,Bangalore,2023-07-14,1.0,Great course!
S043,DM101,2024-01-12,120,18.69,Student_43,21,Male,Bangalore,2023-07-14,,
S043,UX303,2024-01-17,152,15.4,Student_43,21,Male,Bangalore,2023-07-14,1.0,Great course!
S043,UX303,2024-03-26,41,46.97,Student_43,21,Male,Bangalore,2023-07-14,1.0,Great course!
S043,WD404,2024-01-07,83,64.04,Student_43,21,Male,Bangalore,2023-07-14,,
S043,UX303,2024-01-14,157,55.67,Student_43,21,Male,Bangalore,2023-07-14,1.0,Great course!
S043,PY202,2024-03-25,133,30.18,Student_43,21,Male,Bangalore,2023-07-14,,
S044,UX303,2024-03-12,104,20.34,Student_44,19,Other,Delhi,2023-02-19,,
S044,UX303,2024-03-14,67,82.65,Student_44,19,Other,Delhi,2023-02-19,,
S044,DM101,2024-03-18,178,84.65,Student_44,19,Other,Delhi,2023-02-19,,
S044,UX303,2024-01-04,56,34.59,Student_44,19,Other,Delhi,2023-02-19,,
S045,UX303,2024-02-14,11,26.33,Student_45,23,Female,Delhi,2023-07-03,,
S045,PY202,2024-03-13,178,46.07,Student_45,23,Female,Delhi,2023-07-03,1.0,Great course!
S045,PY202,2024-03-22,17,18.26,Student_45,23,Female,Delhi,2023-07-03,1.0,Great course!
S045,PY202,2024-02-18,117,50.83,Student_45,23,Female,Delhi,2023-07-03,1.0,Great course!
S045,PY202,2024-02-17,89,74.94,Student_45,23,Female,Delhi,2023-07-03,1.0,Great course!
S045,DM101,2024-01-07,49,24.17,Student_45,23,Female,Delhi,2023-07-03,,
S045,DM101,2024-03-27,30,34.49,Student_45,23,Female,Delhi,2023-07-03,,
S046,WD404,2024-03-18,123,47.28,Student_46,27,Male,Bangalore,2023-06-26,4.0,Excellent instructor
S046,PY202,2024-03-06,39,41.07,Student_46,27,Male,Bangalore,2023-06-26,,
S046,DM101,2024-02-06,161,53.8,Student_46,27,Male,Bangalore,2023-06-26,,
S046,UX303,2024-01-06,66,45.57,Student_46,27,Male,Bangalore,2023-06-26,,
S046,DM101,2024-01-01,62,37.13,Student_46,27,Male,Bangalore,2023-06-26,,
S046,PY202,2024-01-18,75,36.05,Student_46,27,Male,Bangalore,2023-06-26,,
S046,DM101,2024-01-01,137,77.23,Student_46,27,Male,Bangalore,2023-06-26,,
S046,PY202,2024-01-17,107,57.93,Student_46,27,Male,Bangalore,2023-06-26,,
S046,PY202,2024-03-05,153,85.0,Student_46,27,Male,Bangalore,2023-06-26,,
S047,DM101,2024-02-20,20,49.26,Student_47,21,Male,Bangalore,2023-11-06,,
S047,WD404,2024-01-10,90,61.82,Student_47,21,Male,Bangalore,2023-11-06,1.0,Too fast-paced
S047,WD404,2024-03-31,173,47.59,Student_47,21,Male,Bangalore,2023-11-06,1.0,Too fast-paced
S047,DM101,2024-02-21,15,96.96,Student_47,21,Male,Bangalore,2023-11-06,,
S047,PY202,2024-03-20,127,84.88,Student_47,21,Male,Bangalore,2023-11-06,,
S047,UX303,2024-01-12,121,86.0,Student_47,21,Male,Bangalore,2023-11-06,,
S047,PY202,2024-02-25,160,46.04,Student_47,21,Male,Bangalore,2023-11-06,,
S047,DM101,2024-02-20,89,77.12,Student_47,21,Male,Bangalore,2023-11-06,,
S048,UX303,2024-01-22,29,55.94,Student_48,29,Male,Bangalore,2023-05-16,,
S048,DM101,2024-03-08,140,27.45,Student_48,29,Male,Bangalore,2023-05-16,,
S048,UX303,2024-02-14,175,83.35,Student_48,29,Male,Bangalore,2023-05-16,,
S048,PY202,2024-01-14,47,33.04,Student_48,29,Male,Bangalore,2023-05-16,,
S048,PY202,2024-03-18,49,78.42,Student_48,29,Male,Bangalore,2023-05-16,,
S048,DM101,2024-01-23,170,54.47,Student_48,29,Male,Bangalore,2023-05-16,,
S049,UX303,2024-03-21,90,23.59,Student_49,19,Other,Chennai,2023-01-23,,
S049,DM101,2024-03-01,123,66.82,Student_49,19,Other,Chennai,2023-01-23,5.0,Very helpful
S049,UX303,2024-03-16,24,41.67,Student_49,19,Other,Chennai,2023-01-23,,
S049,DM101,2024-02-09,128,50.67,Student_49,19,Other,Chennai,2023-01-23,5.0,Very helpful
S049,DM101,2024-02-17,83,16.91,Student_49,19,Other,Chennai,2023-01-23,5.0,Very helpful
S049,DM101,2024-03-19,162,55.64,Student_49,19,Other,Chennai,2023-01-23,5.0,Very helpful
S049,WD404,2024-03-15,151,95.88,Student_49,19,Other,Chennai,2023-01-23,,
S049,DM101,2024-02-27,156,68.67,Student_49,19,Other,Chennai,2023-01-23,5.0,Very helpful
S049,UX303,2024-03-18,131,55.12,Student_49,19,Other,Chennai,2023-01-23,,
S049,DM101,2024-02-27,36,82.99,Student_49,19,Other,Chennai,2023-01-23,5.0,Very helpful
S050,DM101,2024-03-05,175,25.53,Student_50,27,Female,Delhi,2023-08-24,,
S050,PY202,2024-03-31,122,99.19,Student_50,27,Female,Delhi,2023-08-24,,
S050,PY202,2024-02-16,105,92.61,Student_50,27,Female,Delhi,2023-08-24,,
S050,WD404,2024-02-22,96,71.1,Student_50,27,Female,Delhi,2023-08-24,1.0,Well structured
S050,DM101,2024-03-21,175,40.12,Student_50,27,Female,Delhi,2023-08-24,,
S050,UX303,2024-01-13,152,71.05,Student_50,27,Female,Delhi,2023-08-24,,
S050,UX303,2024-02-02,178,96.8,Student_50,27,Female,Delhi,2023-08-24,,
S050,PY202,2024-02-12,30,62.45,Student_50,27,Female,Delhi,2023-08-24,,
S051,UX303,2024-02-09,177,72.86,Student_51,21,Male,Chennai,2023-10-02,,
S051,WD404,2024-01-17,162,73.8,Student_51,21,Male,Chennai,2023-10-02,,
S051,DM101,2024-02-09,153,43.9,Student_51,21,Male,Chennai,2023-10-02,2.0,Could be better
S051,UX303,2024-01-17,144,18.41,Student_51,21,Male,Chennai,2023-10-02,,
S051,WD404,2024-03-06,102,11.64,Student_51,21,Male,Chennai,2023-10-02,,
S052,PY202,2024-01-28,97,95.29,Student_52,31,Male,Bangalore,2023-03-05,,
S052,WD404,2024-01-25,67,100.0,Student_52,31,Male,Bangalore,2023-03-05,5.0,Very helpful
S052,PY202,2024-01-10,85,86.0,Student_52,31,Male,Bangalore,2023-03-05,,
S052,DM101,2024-03-05,148,85.16,Student_52,31,Male,Bangalore,2023-03-05,,
S052,DM101,2024-03-25,96,88.88,Student_52,31,Male,Bangalore,2023-03-05,,
S052,PY202,2024-03-17,106,23.88,Student_52,31,Male,Bangalore,2023-03-05,,
S052,PY202,2024-03-29,169,82.81,Student_52,31,Male,Bangalore,2023-03-05,,
S053,WD404,2024-01-06,115,42.79,Student_53,33,Male,Delhi,2023-07-13,,
S053,PY202,2024-02-26,166,35.64,Student_53,33,Male,Delhi,2023-07-13,2.0,Needs improvement
S053,WD404,2024-01-30,146,31.53,Student_53,33,Male,Delhi,2023-07-13,,
S053,WD404,2024-01-25,104,71.05,Student_53,33,Male,Delhi,2023-07-13,,
S053,WD404,2024-02-29,82,80.03,Student_53,33,Male,Delhi,2023-07-13,,
S054,PY202,2024-01-26,164,22.46,Student_54,32,Other,Chennai,2023-02-10,,
S054,UX303,2024-01-07,174,53.25,Student_54,32,Other,Chennai,2023-02-10,,
S054,UX303,2024-03-11,36,74.03,Student_54,32,Other,Chennai,2023-02-10,,
S054,DM101,2024-02-06,31,78.68,Student_54,32,Other,Chennai,2023-02-10,,
S054,UX303,2024-02-27,141,23.26,Student_54,32,Other,Chennai,2023-02-10,,
S054,WD404,2024-01-12,66,83.5,Student_54,32,Other,Chennai,2023-02-10,,
S054,UX303,2024-01-04,116,14.79,Student_54,32,Other,Chennai,2023-02-10,,
S054,UX303,2024-01-31,108,99.51,Student_54,32,Other,Chennai,2023-02-10,,
S054,UX303,2024-01-29,17,38.68,Student_54,32,Other,Chennai,2023-02-10,,
S055,UX303,2024-01-19,45,13.45,Student_55,25,Other,Chennai,2023-10-10,,
S055,WD404,2024-03-30,45,78.3,Student_55,25,Other,Chennai,2023-10-10,,
S055,WD404,2024-02-27,167,10.47,Student_55,25,Other,Chennai,2023-10-10,,
S055,DM101,2024-01-03,75,29.41,Student_55,25,Other,Chennai,2023-10-10,3.0,Loved the examples
S056,WD404,2024-01-15,83,31.39,Student_56,31,Female,Bangalore,2023-05-31,,
S056,DM101,2024-01-07,71,47.78,Student_56,31,Female,Bangalore,2023-05-31,,
S056,WD404,2024-01-09,38,85.3,Student_56,31,Female,Bangalore,2023-05-31,,
S056,WD404,2024-03-17,147,11.48,Student_56,31,Female,Bangalore,2023-05-31,,
S056,PY202,2024-01-19,84,48.63,Student_56,31,Female,Bangalore,2023-05-31,,
S057,PY202,2024-03-14,116,26.86,Student_57,25,Other,Delhi,2023-11-18,,
S057,DM101,2024-03-08,102,16.09,Student_57,25,Other,Delhi,2023-11-18,,
S057,DM101,2024-02-19,130,13.92,Student_57,25,Other,Delhi,2023-11-18,,
S057,WD404,2024-02-17,74,77.26,Student_57,25,Other,Delhi,2023-11-18,,
S057,UX303,2024-01-09,98,31.7,Student_57,25,Other,Delhi,2023-11-18,2.0,Too fast-paced
S057,DM101,2024-03-15,95,22.01,Student_57,25,Other,Delhi,2023-11-18,,
S057,UX303,2024-03-10,96,83.22,Student_57,25,Other,Delhi,2023-11-18,2.0,Too fast-paced
S057,PY202,2024-03-28,128,98.27,Student_57,25,Other,Delhi,2023-11-18,,
S058,PY202,2024-01-18,26,74.44,Student_58,33,Male,Bangalore,2023-11-13,4.0,Could be better
S058,WD404,2024-01-05,85,28.14,Student_58,33,Male,Bangalore,2023-11-13,,
S058,PY202,2024-01-06,90,94.0,Student_58,33,Male,Bangalore,2023-11-13,4.0,Could be better
S058,WD404,2024-03-10,131,32.8,Student_58,33,Male,Bangalore,2023-11-13,,
S058,PY202,2024-02-06,101,87.59,Student_58,33,Male,Bangalore,2023-11-13,4.0,Could be better
S058,DM101,2024-03-24,94,34.59,Student_58,33,Male,Bangalore,2023-11-13,,
S058,UX303,2024-02-25,112,76.9,Student_58,33,Male,Bangalore,2023-11-13,,
S058,WD404,2024-02-13,57,54.66,Student_58,33,Male,Bangalore,2023-11-13,,
S058,WD404,2024-02-17,142,34.0,Student_58,33,Male,Bangalore,2023-11-13,,
S058,DM101,2024-02-24,30,48.75,Student_58,33,Male,Bangalore,2023-11-13,,
S059,UX303,2024-02-11,36,17.21,Student_59,30,Female,Delhi,2023-07-05,,
S059,UX303,2024-02-09,124,64.24,Student_59,30,Female,Delhi,2023-07-05,,
S059,WD404,2024-01-22,123,41.64,Student_59,30,Female,Delhi,2023-07-05,,
S059,DM101,2024-02-15,167,99.83,Student_59,30,Female,Delhi,2023-07-05,1.0,Could be better
S059,UX303,2024-03-22,24,16.75,Student_59,30,Female,Delhi,2023-07-05,,
S060,UX303,2024-03-06,50,95.75,Student_60,32,Male,Kolkata,2023-10-23,,
S060,PY202,2024-03-18,122,13.13,Student_60,32,Male,Kolkata,2023-10-23,,
S060,DM101,2024-01-31,175,42.97,Student_60,32,Male,Kolkata,2023-10-23,,
S060,WD404,2024-03-13,18,64.46,Student_60,32,Male,Kolkata,2023-10-23,,
S060,WD404,2024-02-17,105,49.95,Student_60,32,Male,Kolkata,2023-10-23,,
S060,DM101,2024-03-14,45,57.65,Student_60,32,Male,Kolkata,2023-10-23,,
S060,WD404,2024-02-10,176,35.08,Student_60,32,Male,Kolkata,2023-10-23,,
S060,DM101,2024-01-04,57,54.91,Student_60,32,Male,Kolkata,2023-10-23,,
S060,WD404,2024-03-12,40,33.56,Student_60,32,Male,Kolkata,2023-10-23,,
S061,WD404,2024-01-28,166,35.7,Student_61,30,Male,Mumbai,2023-04-09,,
S061,WD404,2024-01-26,41,22.22,Student_61,30,Male,Mumbai,2023-04-09,,
S061,DM101,2024-02-27,54,90.88,Student_61,30,Male,Mumbai,2023-04-09,2.0,Very helpful
S061,WD404,2024-01-12,91,70.11,Student_61,30,Male,Mumbai,2023-04-09,,
S061,DM101,2024-03-11,148,36.13,Student_61,30,Male,Mumbai,2023-04-09,2.0,Very helpful
S061,UX303,2024-01-21,173,25.67,Student_61,30,Male,Mumbai,2023-04-09,,
S061,UX303,2024-03-06,67,20.92,Student_61,30,Male,Mumbai,2023-04-09,,
S062,PY202,2024-01-31,136,12.37,Student_62,26,Other,Mumbai,2023-12-27,4.0,Needs improvement
S062,UX303,2024-02-29,151,21.68,Student_62,26,Other,Mumbai,2023-12-27,,
S062,DM101,2024-01-09,89,45.83,Student_62,26,Other,Mumbai,2023-12-27,,
S062,WD404,2024-03-08,115,79.22,Student_62,26,Other,Mumbai,2023-12-27,,
S062,DM101,2024-01-17,91,67.81,Student_62,26,Other,Mumbai,2023-12-27,,
S062,WD404,2024-02-29,142,41.01,Student_62,26,Other,Mumbai,2023-12-27,,
S063,PY202,2024-02-25,138,91.96,Student_63,32,Female,Mumbai,2023-02-05,2.0,Loved the examples
S063,DM101,2024-01-16,142,23.77,Student_63,32,Female,Mumbai,2023-02-05,,
S063,PY202,2024-01-21,92,94.13,Student_63,32,Female,Mumbai,2023-02-05,2.0,Loved the examples
S063,PY202,2024-02-14,142,90.54,Student_63,32,Female,Mumbai,2023-02-05,2.0,Loved the examples
S063,DM101,2024-02-02,60,67.16,Student_63,32,Female,Mumbai,2023-02-05,,
S064,PY202,2024-03-21,87,65.3,Student_64,30,Other,Bangalore,2023-01-24,,
S064,DM101,2024-03-05,174,25.18,Student_64,30,Other,Bangalore,2023-01-24,,
S064,PY202,2024-01-22,178,66.2,Student_64,30,Other,Bangalore,2023-01-24,,
S064,UX303,2024-03-13,20,84.27,Student_64,30,Other,Bangalore,2023-01-24,,
S064,DM101,2024-01-11,21,95.37,Student_64,30,Other,Bangalore,2023-01-24,,
S064,UX303,2024-03-24,63,79.03,Student_64,30,Other,Bangalore,2023-01-24,,
S064,WD404,2024-03-20,173,12.73,Student_64,30,Other,Bangalore,2023-01-24,4.0,Great course!
S065,UX303,2024-03-02,72,82.42,Student_65,18,Other,Kolkata,2023-12-05,,
S065,WD404,2024-02-08,126,16.57,Student_65,18,Other,Kolkata,2023-12-05,,
S065,DM101,2024-01-21,122,47.41,Student_65,18,Other,Kolkata,2023-12-05,4.0,Loved the examples
S065,WD404,2024-01-27,97,64.6,Student_65,18,Other,Kolkata,2023-12-05,,
S065,UX303,2024-02-10,98,97.78,Student_65,18,Other,Kolkata,2023-12-05,,
S065,PY202,2024-02-17,141,60.55,Student_65,18,Other,Kolkata,2023-12-05,,
S065,UX303,2024-01-31,129,21.03,Student_65,18,Other,Kolkata,2023-12-05,,
S066,PY202,2024-01-19,34,14.55,Student_66,24,Female,Delhi,2023-04-27,,
S066,WD404,2024-03-19,117,32.34,Student_66,24,Female,Delhi,2023-04-27,,
S066,PY202,2024-02-11,157,74.9,Student_66,24,Female,Delhi,2023-04-27,,
S066,PY202,2024-01-21,137,99.64,Student_66,24,Female,Delhi,2023-04-27,,
S066,WD404,2024-03-04,88,54.76,Student_66,24,Female,Delhi,2023-04-27,,
S066,DM101,2024-02-20,139,51.15,Student_66,24,Female,Delhi,2023-04-27,,
S066,PY202,2024-01-28,159,41.76,Student_66,24,Female,Delhi,2023-04-27,,
S066,DM101,2024-02-06,136,63.78,Student_66,24,Female,Delhi,2023-04-27,,
S066,WD404,2024-02-06,147,10.74,Student_66,24,Female,Delhi,2023-04-27,,
S066,DM101,2024-02-25,44,89.42,Student_66,24,Female,Delhi,2023-04-27,,
S067,WD404,2024-02-16,21,46.05,Student_67,26,Male,Chennai,2023-05-29,,
S067,PY202,2024-02-16,151,35.97,Student_67,26,Male,Chennai,2023-05-29,,
S067,WD404,2024-03-05,125,78.8,Student_67,26,Male,Chennai,2023-05-29,,
S067,UX303,2024-03-20,166,20.69,Student_67,26,Male,Chennai,2023-05-29,,
S067,DM101,2024-02-20,105,81.54,Student_67,26,Male,Chennai,2023-05-29,5.0,Excellent instructor
S067,UX303,2024-03-12,103,77.95,Student_67,26,Male,Chennai,2023-05-29,,
S067,PY202,2024-03-18,140,46.12,Student_67,26,Male,Chennai,2023-05-29,,
S067,DM101,2024-01-06,19,22.33,Student_67,26,Male,Chennai,2023-05-29,5.0,Excellent instructor
S068,WD404,2024-03-07,126,23.4,Student_68,18,Male,Delhi,2023-02-10,,
S068,PY202,2024-02-11,166,38.67,Student_68,18,Male,Delhi,2023-02-10,,
S068,WD404,2024-03-19,86,63.44,Student_68,18,Male,Delhi,2023-02-10,,
S068,WD404,2024-03-31,154,36.98,Student_68,18,Male,Delhi,2023-02-10,,
S068,DM101,2024-02-17,94,70.64,Student_68,18,Male,Delhi,2023-02-10,,
S068,WD404,2024-03-15,88,81.71,Student_68,18,Male,Delhi,2023-02-10,,
S068,DM101,2024-03-17,131,33.9,Student_68,18,Male,Delhi,2023-02-10,,
S068,PY202,2024-01-07,159,53.24,Student_68,18,Male,Delhi,2023-02-10,,
S069,PY202,2024-03-28,72,12.84,Student_69,29,Female,Chennai,2023-04-30,,
S069,DM101,2024-01-25,14,49.69,Student_69,29,Female,Chennai,2023-04-30,,
S069,WD404,2024-01-20,115,72.15,Student_69,29,Female,Chennai,2023-04-30,3.0,Loved the examples
S069,WD404,2024-03-05,166,92.85,Student_69,29,Female,Chennai,2023-04-30,3.0,Loved the examples
S069,DM101,2024-03-31,45,56.68,Student_69,29,Female,Chennai,2023-04-30,,
S069,UX303,2024-03-25,132,57.29,Student_69,29,Female,Chennai,2023-04-30,,
S069,UX303,2024-01-23,127,92.09,Student_69,29,Female,Chennai,2023-04-30,,
S069,UX303,2024-03-10,100,70.83,Student_69,29,Female,Chennai,2023-04-30,,
S069,UX303,2024-03-19,133,27.3,Student_69,29,Female,Chennai,2023-04-30,,
S070,UX303,2024-03-12,86,30.24,Student_70,25,Male,Delhi,2023-02-21,,
S070,UX303,2024-02-06,63,72.12,Student_70,25,Male,Delhi,2023-02-21,,
S070,WD404,2024-02-10,132,41.39,Student_70,25,Male,Delhi,2023-02-21,,
S070,UX303,2024-02-06,41,61.61,Student_70,25,Male,Delhi,2023-02-21,,
S070,WD404,2024-02-20,98,95.91,Student_70,25,Male,Delhi,2023-02-21,,
S070,PY202,2024-02-07,20,35.89,Student_70,25,Male,Delhi,2023-02-21,,
S071,UX303,2024-02-26,177,33.08,Student_71,28,Female,Kolkata,2023-07-14,,
S071,WD404,2024-01-28,61,84.52,Student_71,28,Female,Kolkata,2023-07-14,2.0,Too fast-paced
S071,UX303,2024-03-12,79,22.35,Student_71,28,Female,Kolkata,2023-07-14,,
S071,PY202,2024-02-01,22,70.29,Student_71,28,Female,Kolkata,2023-07-14,,
S072,PY202,2024-01-07,35,47.2,Student_72,34,Female,Chennai,2023-05-23,,
S072,WD404,2024-01-13,45,10.47,Student_72,34,Female,Chennai,2023-05-23,,
S072,PY202,2024-02-22,177,94.15,Student_72,34,Female,Chennai,2023-05-23,,
S072,WD404,2024-03-02,176,27.95,Student_72,34,Female,Chennai,2023-05-23,,
S072,UX303,2024-02-11,83,68.13,Student_72,34,Female,Chennai,2023-05-23,5.0,Too fast-paced
S072,DM101,2024-03-24,156,30.9,Student_72,34,Female,Chennai,2023-05-23,,
S073,PY202,2024-02-23,55,94.05,Student_73,25,Other,Bangalore,2023-08-21,,
S073,DM101,2024-02-20,136,26.77,Student_73,25,Other,Bangalore,2023-08-21,,
S073,UX303,2024-01-05,12,36.86,Student_73,25,Other,Bangalore,2023-08-21,,
S074,UX303,2024-02-06,126,99.02,Student_74,20,Female,Delhi,2023-11-22,,
S074,WD404,2024-01-18,139,52.12,Student_74,20,Female,Delhi,2023-11-22,,
S074,PY202,2024-01-15,94,24.62,Student_74,20,Female,Delhi,2023-11-22,,
S074,WD404,2024-03-23,75,74.67,Student_74,20,Female,Delhi,2023-11-22,,
S075,UX303,2024-02-07,155,70.7,Student_75,20,Other,Delhi,2023-07-06,,
S075,PY202,2024-01-23,166,87.05,Student_75,20,Other,Delhi,2023-07-06,,
S075,WD404,2024-02-24,141,39.51,Student_75,20,Other,Delhi,2023-07-06,1.0,Well structured
S076,DM101,2024-01-24,45,52.97,Student_76,18,Male,Chennai,2023-03-25,,
S076,PY202,2024-01-01,76,44.52,Student_76,18,Male,Chennai,2023-03-25,,
S076,WD404,2024-02-04,94,37.18,Student_76,18,Male,Chennai,2023-03-25,5.0,Very helpful
S076,DM101,2024-02-03,177,42.36,Student_76,18,Male,Chennai,2023-03-25,,
S076,PY202,2024-01-08,180,20.64,Student_76,18,Male,Chennai,2023-03-25,,
S076,UX303,2024-01-21,113,71.75,Student_76,18,Male,Chennai,2023-03-25,,
S076,UX303,2024-03-29,40,67.48,Student_76,18,Male,Chennai,2023-03-25,,
S076,UX303,2024-02-17,167,29.88,Student_76,18,Male,Chennai,2023-03-25,,
S076,PY202,2024-03-02,49,50.95,Student_76,18,Male,Chennai,2023-03-25,,
S077,WD404,2024-03-30,150,92.15,Student_77,22,Male,Bangalore,2023-07-09,,
S077,PY202,2024-02-01,162,88.58,Student_77,22,Male,Bangalore,2023-07-09,5.0,Could be better
S077,DM101,2024-03-08,124,57.54,Student_77,22,Male,Bangalore,2023-07-09,,
S077,UX303,2024-01-10,154,20.1,Student_77,22,Male,Bangalore,2023-07-09,,
S077,PY202,2024-03-14,147,23.49,Student_77,22,Male,Bangalore,2023-07-09,5.0,Could be better
S077,UX303,2024-03-07,123,20.46,Student_77,22,Male,Bangalore,2023-07-09,,
S077,PY202,2024-03-15,135,18.18,Student_77,22,Male,Bangalore,2023-07-09,5.0,Could be better
S077,WD404,2024-01-08,126,21.87,Student_77,22,Male,Bangalore,2023-07-09,,
S078,WD404,2024-03-13,24,60.29,Student_78,27,Male,Bangalore,2023-07-01,,
S078,UX303,2024-01-03,111,32.9,Student_78,27,Male,Bangalore,2023-07-01,5.0,Needs improvement
S078,DM101,2024-01-28,158,16.57,Student_78,27,Male,Bangalore,2023-07-01,,
S078,WD404,2024-02-14,26,58.7,Student_78,27,Male,Bangalore,2023-07-01,,
S078,DM101,2024-01-09,130,12.86,Student_78,27,Male,Bangalore,2023-07-01,,
S078,WD404,2024-01-24,44,78.92,Student_78,27,Male,Bangalore,2023-07-01,,
S078,WD404,2024-02-17,107,50.37,Student_78,27,Male,Bangalore,2023-07-01,,
S078,WD404,2024-02-18,30,71.45,Student_78,27,Male,Bangalore,2023-07-01,,
S078,PY202,2024-03-24,99,20.68,Student_78,27,Male,Bangalore,2023-07-01,,
S079,PY202,2024-01-29,10,78.06,Student_79,24,Male,Kolkata,2023-04-18,,
S079,UX303,2024-02-29,149,48.17,Student_79,24,Male,Kolkata,2023-04-18,,
S079,WD404,2024-01-30,73,51.46,Student_79,24,Male,Kolkata,2023-04-18,,
S079,PY202,2024-02-05,58,94.37,Student_79,24,Male,Kolkata,2023-04-18,,
S079,DM101,2024-01-05,179,47.73,Student_79,24,Male,Kolkata,2023-04-18,,
S079,DM101,2024-01-31,62,16.06,Student_79,24,Male,Kolkata,2023-04-18,,
S079,DM101,2024-02-27,163,70.48,Student_79,24,Male,Kolkata,2023-04-18,,
S079,DM101,2024-02-01,21,46.2,Student_79,24,Male,Kolkata,2023-04-18,,
S079,PY202,2024-03-10,65,77.89,Student_79,24,Male,Kolkata,2023-04-18,,
S080,PY202,2024-03-05,84,31.07,Student_80,26,Other,Bangalore,2023-12-10,,
S080,UX303,2024-03-14,163,79.53,Student_80,26,Other,Bangalore,2023-12-10,,
S080,UX303,2024-01-31,87,88.86,Student_80,26,Other,Bangalore,2023-12-10,,
S081,WD404,2024-02-08,80,15.49,Student_81,24,Male,Bangalore,2023-05-17,,
S081,PY202,2024-03-21,119,60.03,Student_81,24,Male,Bangalore,2023-05-17,,
S081,DM101,2024-02-14,174,70.42,Student_81,24,Male,Bangalore,2023-05-17,4.0,Needs improvement
S081,UX303,2024-03-30,116,46.74,Student_81,24,Male,Bangalore,2023-05-17,,
S081,UX303,2024-02-18,57,77.9,Student_81,24,Male,Bangalore,2023-05-17,,
S081,WD404,2024-01-31,67,37.07,Student_81,24,Male,Bangalore,2023-05-17,,
S082,WD404,2024-01-08,153,47.14,Student_82,26,Female,Bangalore,2023-12-26,2.0,Too fast-paced
S082,WD404,2024-03-12,145,22.07,Student_82,26,Female,Bangalore,2023-12-26,2.0,Too fast-paced
S082,PY202,2024-02-02,62,39.72,Student_82,26,Female,Bangalore,2023-12-26,,
S082,DM101,2024-02-27,104,18.32,Student_82,26,Female,Bangalore,2023-12-26,,
S082,PY202,2024-01-07,78,43.95,Student_82,26,Female,Bangalore,2023-12-26,,
S083,DM101,2024-01-25,160,75.19,Student_83,25,Female,Mumbai,2023-12-16,5.0,Well structured
S083,PY202,2024-03-02,63,88.25,Student_83,25,Female,Mumbai,2023-12-16,,
S083,UX303,2024-02-08,13,29.06,Student_83,25,Female,Mumbai,2023-12-16,,
S084,DM101,2024-03-02,72,72.61,Student_84,29,Female,Kolkata,2023-11-28,,
S084,PY202,2024-02-20,71,59.69,Student_84,29,Female,Kolkata,2023-11-28,,
S084,UX303,2024-02-18,129,58.03,Student_84,29,Female,Kolkata,2023-11-28,,
S084,UX303,2024-02-09,76,42.37,Student_84,29,Female,Kolkata,2023-11-28,,
S084,WD404,2024-02-29,35,82.25,Student_84,29,Female,Kolkata,2023-11-28,,
S084,WD404,2024-02-10,62,43.36,Student_84,29,Female,Kolkata,2023-11-28,,
S085,DM101,2024-03-13,66,76.71,Student_85,19,Other,Delhi,2023-02-06,,
S085,DM101,2024-02-03,151,94.13,Student_85,19,Other,Delhi,2023-02-06,,
S085,WD404,2024-02-07,49,27.66,Student_85,19,Other,Delhi,2023-02-06,,
S085,PY202,2024-02-18,155,85.0,Student_85,19,Other,Delhi,2023-02-06,,
S085,WD404,2024-03-11,177,94.91,Student_85,19,Other,Delhi,2023-02-06,,
S085,UX303,2024-02-02,135,96.99,Student_85,19,Other,Delhi,2023-02-06,,
S085,WD404,2024-02-28,53,75.95,Student_85,19,Other,Delhi,2023-02-06,,
S085,UX303,2024-01-22,45,74.83,Student_85,19,Other,Delhi,2023-02-06,,
S085,WD404,2024-01-24,148,99.13,Student_85,19,Other,Delhi,2023-02-06,,
S086,DM101,2024-01-10,22,78.79,Student_86,18,Male,Chennai,2023-11-08,,
S086,WD404,2024-01-18,171,30.83,Student_86,18,Male,Chennai,2023-11-08,,
S086,PY202,2024-01-02,65,55.52,Student_86,18,Male,Chennai,2023-11-08,,
S087,DM101,2024-03-20,173,70.01,Student_87,33,Male,Delhi,2023-11-22,1.0,Well structured
S087,WD404,2024-03-25,134,11.42,Student_87,33,Male,Delhi,2023-11-22,,
S087,WD404,2024-01-02,14,57.65,Student_87,33,Male,Delhi,2023-11-22,,
S087,UX303,2024-03-09,83,11.54,Student_87,33,Male,Delhi,2023-11-22,,
S087,WD404,2024-01-23,37,92.62,Student_87,33,Male,Delhi,2023-11-22,,
S087,PY202,2024-01-31,59,65.78,Student_87,33,Male,Delhi,2023-11-22,,
S087,UX303,2024-02-15,78,81.54,Student_87,33,Male,Delhi,2023-11-22,,
S087,DM101,2024-02-17,113,51.31,Student_87,33,Male,Delhi,2023-11-22,1.0,Well structured
S088,PY202,2024-02-08,30,68.84,Student_88,22,Male,Kolkata,2023-03-29,,
S088,DM101,2024-01-12,113,44.13,Student_88,22,Male,Kolkata,2023-03-29,1.0,Too fast-paced
S088,WD404,2024-01-08,173,10.85,Student_88,22,Male,Kolkata,2023-03-29,,
S088,PY202,2024-01-11,137,86.08,Student_88,22,Male,Kolkata,2023-03-29,,
S088,UX303,2024-03-13,34,90.53,Student_88,22,Male,Kolkata,2023-03-29,,
S088,DM101,2024-01-30,64,91.11,Student_88,22,Male,Kolkata,2023-03-29,1.0,Too fast-paced
S089,UX303,2024-01-06,29,71.6,Student_89,20,Other,Chennai,2023-10-01,,
S089,UX303,2024-03-10,154,69.23,Student_89,20,Other,Chennai,2023-10-01,,
S089,PY202,2024-02-10,14,96.53,Student_89,20,Other,Chennai,2023-10-01,4.0,Excellent instructor
S089,PY202,2024-02-20,29,36.93,Student_89,20,Other,Chennai,2023-10-01,4.0,Excellent instructor
S089,PY202,2024-03-13,109,70.93,Student_89,20,Other,Chennai,2023-10-01,4.0,Excellent instructor
S089,UX303,2024-02-19,45,81.14,Student_89,20,Other,Chennai,2023-10-01,,
S089,DM101,2024-03-05,98,14.83,Student_89,20,Other,Chennai,2023-10-01,,
S089,WD404,2024-01-30,29,40.65,Student_89,20,Other,Chennai,2023-10-01,,
S089,WD404,2024-02-11,17,67.07,Student_89,20,Other,Chennai,2023-10-01,,
S089,WD404,2024-03-03,68,42.02,Student_89,20,Other,Chennai,2023-10-01,,
S090,WD404,2024-01-24,159,69.46,Student_90,29,Female,Kolkata,2023-05-06,,
S090,DM101,2024-03-20,85,81.82,Student_90,29,Female,Kolkata,2023-05-06,3.0,Well structured
S090,DM101,2024-01-11,78,23.88,Student_90,29,Female,Kolkata,2023-05-06,3.0,Well structured
S090,PY202,2024-02-19,91,42.46,Student_90,29,Female,Kolkata,2023-05-06,,
S090,DM101,2024-01-01,88,50.03,Student_90,29,Female,Kolkata,2023-05-06,3.0,Well structured
S090,UX303,2024-01-14,43,17.86,Student_90,29,Female,Kolkata,2023-05-06,,
S090,WD404,2024-02-27,152,59.93,Student_90,29,Female,Kolkata,2023-05-06,,
S090,WD404,2024-01-14,16,18.07,Student_90,29,Female,Kolkata,2023-05-06,,
S090,DM101,2024-03-17,163,80.6,Student_90,29,Female,Kolkata,2023-05-06,3.0,Well structured
S091,DM101,2024-02-07,115,44.9,Student_91,25,Female,Bangalore,2023-03-25,3.0,Very helpful
S091,DM101,2024-03-12,72,61.48,Student_91,25,Female,Bangalore,2023-03-25,3.0,Very helpful
S091,PY202,2024-03-28,107,25.26,Student_91,25,Female,Bangalore,2023-03-25,,
S091,UX303,2024-02-08,78,54.38,Student_91,25,Female,Bangalore,2023-03-25,,
S091,DM101,2024-01-22,121,34.84,Student_91,25,Female,Bangalore,2023-03-25,3.0,Very helpful
S091,UX303,2024-03-02,29,42.5,Student_91,25,Female,Bangalore,2023-03-25,,
S091,PY202,2024-03-21,136,63.44,Student_91,25,Female,Bangalore,2023-03-25,,
S091,PY202,2024-02-28,37,22.19,Student_91,25,Female,Bangalore,2023-03-25,,
S091,DM101,2024-02-20,95,85.75,Student_91,25,Female,Bangalore,2023-03-25,3.0,Very helpful
S092,UX303,2024-02-26,95,48.76,Student_92,20,Male,Chennai,2023-08-25,,
S092,PY202,2024-02-08,92,64.29,Student_92,20,Male,Chennai,2023-08-25,,
S092,PY202,2024-03-02,90,25.99,Student_92,20,Male,Chennai,2023-08-25,,
S092,WD404,2024-02-10,84,76.14,Student_92,20,Male,Chennai,2023-08-25,3.0,Well structured
S092,WD404,2024-03-14,72,39.33,Student_92,20,Male,Chennai,2023-08-25,3.0,Well structured
S092,UX303,2024-02-20,103,20.25,Student_92,20,Male,Chennai,2023-08-25,,
S092,PY202,2024-03-16,149,26.19,Student_92,20,Male,Chennai,2023-08-25,,
S092,DM101,2024-02-29,63,49.46,Student_92,20,Male,Chennai,2023-08-25,,
S092,UX303,2024-03-29,27,83.71,Student_92,20,Male,Chennai,2023-08-25,,
S093,WD404,2024-01-18,172,37.25,Student_93,18,Female,Bangalore,2023-07-14,,
S093,UX303,2024-03-25,49,74.37,Student_93,18,Female,Bangalore,2023-07-14,,
S093,WD404,2024-01-10,124,99.16,Student_93,18,Female,Bangalore,2023-07-14,,
S093,WD404,2024-03-15,112,58.09,Student_93,18,Female,Bangalore,2023-07-14,,
S093,WD404,2024-03-10,19,81.16,Student_93,18,Female,Bangalore,2023-07-14,,
S093,UX303,2024-03-30,147,63.44,Student_93,18,Female,Bangalore,2023-07-14,,
S093,DM101,2024-01-14,73,69.18,Student_93,18,Female,Bangalore,2023-07-14,1.0,Needs improvement
S093,UX303,2024-01-22,175,65.14,Student_93,18,Female,Bangalore,2023-07-14,,
S093,WD404,2024-02-12,120,19.54,Student_93,18,Female,Bangalore,2023-07-14,,
S094,UX303,2024-01-29,140,77.22,Student_94,20,Female,Delhi,2023-05-19,,
S094,PY202,2024-02-27,105,45.2,Student_94,20,Female,Delhi,2023-05-19,4.0,Well structured
S094,PY202,2024-02-14,16,53.45,Student_94,20,Female,Delhi,2023-05-19,4.0,Well structured
S094,UX303,2024-02-23,31,20.45,Student_94,20,Female,Delhi,2023-05-19,,
S095,UX303,2024-02-09,97,50.98,Student_95,22,Other,Delhi,2023-11-24,,
S095,PY202,2024-03-07,133,41.35,Student_95,22,Other,Delhi,2023-11-24,,
S095,DM101,2024-02-26,125,38.7,Student_95,22,Other,Delhi,2023-11-24,3.0,Too fast-paced
S095,UX303,2024-01-06,39,12.03,Student_95,22,Other,Delhi,2023-11-24,,
S095,UX303,2024-03-23,37,70.94,Student_95,22,Other,Delhi,2023-11-24,,
S096,PY202,2024-03-07,54,59.67,Student_96,32,Other,Chennai,2023-12-19,,
S096,UX303,2024-03-12,119,96.26,Student_96,32,Other,Chennai,2023-12-19,,
S096,PY202,2024-02-21,171,26.6,Student_96,32,Other,Chennai,2023-12-19,,
S096,WD404,2024-02-20,17,76.36,Student_96,32,Other,Chennai,2023-12-19,,
S096,PY202,2024-02-27,161,48.66,Student_96,32,Other,Chennai,2023-12-19,,
S097,PY202,2024-01-27,81,77.71,Student_97,31,Other,Chennai,2023-10-13,5.0,Loved the examples
S097,DM101,2024-03-14,36,81.96,Student_97,31,Other,Chennai,2023-10-13,,
S097,PY202,2024-02-16,93,27.74,Student_97,31,Other,Chennai,2023-10-13,5.0,Loved the examples
S098,UX303,2024-03-26,135,57.49,Student_98,20,Other,Kolkata,2023-04-23,,
S098,UX303,2024-03-17,109,65.02,Student_98,20,Other,Kolkata,2023-04-23,,
S098,DM101,2024-02-14,100,86.1,Student_98,20,Other,Kolkata,2023-04-23,,
S098,PY202,2024-03-27,86,92.68,Student_98,20,Other,Kolkata,2023-04-23,,
S099,PY202,2024-02-10,40,31.47,Student_99,18,Male,Kolkata,2023-12-17,,
S099,DM101,2024-01-24,105,72.41,Student_99,18,Male,Kolkata,2023-12-17,,
S099,WD404,2024-02-23,162,22.41,Student_99,18,Male,Kolkata,2023-12-17,5.0,Needs improvement
S099,WD404,2024-02-24,57,53.8,Student_99,18,Male,Kolkata,2023-12-17,5.0,Needs improvement
S100,PY202,2024-03-03,83,22.63,Student_100,22,Other,Bangalore,2023-06-16,,
S100,UX303,2024-02-27,168,14.83,Student_100,22,Other,Bangalore,2023-06-16,,
S100,UX303,2024-01-02,134,22.29,Student_100,22,Other,Bangalore,2023-06-16,,
S100,WD404,2024-03-12,139,68.78,Student_100,22,Other,Bangalore,2023-06-16,,
S100,WD404,2024-03-28,135,47.41,Student_100,22,Other,Bangalore,2023-06-16,,
